venue,year,identifier,heading,title,authors,page_range,length,electronic_edition,comment
ICSE,2019,conf/icse/icse2019,Automated program repair 1,Learning to spot and refactor inconsistent method names.,Kui Liu; Dongsun Kim; Tegawendé F. Bissyandé; Tae-young Kim; Kisub Kim; Anil Koyuncu; Suntae Kim; Yves Le Traon,1-12,12,https://doi.org/10.1109/ICSE.2019.00019,
ICSE,2019,conf/icse/icse2019,Automated program repair 1,Harnessing evolution for multi-hunk program repair.,Seemanta Saha; Ripon K. Saha; Mukul R. Prasad,13-24,12,https://doi.org/10.1109/ICSE.2019.00020,
ICSE,2019,conf/icse/icse2019,Automated program repair 1,On learning meaningful code changes via neural machine translation.,Michele Tufano; Jevgenija Pantiuchina; Cody Watson; Gabriele Bavota; Denys Poshyvanyk,25-36,12,https://doi.org/10.1109/ICSE.2019.00021,
ICSE,2019,conf/icse/icse2019,Mining of software properties and patterns,Natural software revisited.,Musfiqur Rahman; Dharani Palani; Peter C. Rigby,37-48,12,https://doi.org/10.1109/ICSE.2019.00022,
ICSE,2019,conf/icse/icse2019,Mining of software properties and patterns,Towards automating precision studies of clone detectors.,Vaibhav Saini; Farima Farmahinifarahani; Yadong Lu; Di Yang; Pedro Martins; Hitesh Sajnani; Pierre Baldi; Cristina V. Lopes,49-59,11,https://doi.org/10.1109/ICSE.2019.00023,
ICSE,2019,conf/icse/icse2019,Security 1,Leopard: identifying vulnerable code for vulnerability assessment through program metrics.,Xiaoning Du; Bihuan Chen; Yuekang Li; Jianmin Guo; Yaqin Zhou; Yang Liu; Yu Jiang,60-71,12,https://doi.org/10.1109/ICSE.2019.00024,
ICSE,2019,conf/icse/icse2019,Static analysis,Smoke: scalable path-sensitive memory leak detection for millions of lines of code.,Gang Fan; Rongxin Wu; Qingkai Shi; Xiao Xiao; Jinguo Zhou; Charles Zhang,72-82,11,https://doi.org/10.1109/ICSE.2019.00025,
ICSE,2019,conf/icse/icse2019,Static analysis,Reasonably-most-general clients for JavaScript library analysis.,Erik Krogh Kristensen; Anders Møller,83-93,11,https://doi.org/10.1109/ICSE.2019.00026,
ICSE,2019,conf/icse/icse2019,Static analysis,Resource-aware program analysis via online abstraction coarsening.,Kihong Heo; Hakjoo Oh; Hongseok Yang,94-104,11,https://doi.org/10.1109/ICSE.2019.00027,
ICSE,2019,conf/icse/icse2019,Continuous integration,Automated reporting of anti-patterns and decay in continuous integration.,Carmine Vassallo; Sebastian Proksch; Harald C. Gall; Massimiliano Di Penta,105-115,11,https://doi.org/10.1109/ICSE.2019.00028,
ICSE,2019,conf/icse/icse2019,Debugging and fault localization,A system identification based Oracle for control-CPS software fault localization.,Zhijian He; Yao Chen; Enyan Huang; Qixin Wang; Yu Pei; Haidong Yuan,116-127,12,https://doi.org/10.1109/ICSE.2019.00029,
ICSE,2019,conf/icse/icse2019,Debugging and fault localization,ReCDroid: automatically reproducing Android application crashes from bug reports.,Yu Zhao; Tingting Yu; Ting Su; Yang Liu; Wei Zheng; Jingzhi Zhang; William G. J. Halfond,128-139,12,https://doi.org/10.1109/ICSE.2019.00030,
ICSE,2019,conf/icse/icse2019,DevOps and logging,Mining historical test logs to predict bugs and localize faults in the test logs.,Anunay Amar; Peter C. Rigby,140-151,12,https://doi.org/10.1109/ICSE.2019.00031,
ICSE,2019,conf/icse/icse2019,DevOps and logging,Dlfinder: characterizing and detecting duplicate logging code smells.,Zhenhao Li; Tse-Hsun (Peter) Chen; Jinqiu Yang; Weiyi Shang,152-163,12,https://doi.org/10.1109/ICSE.2019.00032,
ICSE,2019,conf/icse/icse2019,Security 2,The seven sins: security smells in infrastructure as code scripts.,Akond Rahman; Chris Parnin; Laurie A. Williams,164-175,12,https://doi.org/10.1109/ICSE.2019.00033,
ICSE,2019,conf/icse/icse2019,Security 2,DifFuzz: differential fuzzing for side-channel analysis.,Shirin Nilizadeh; Yannic Noller; Corina S. Pasareanu,176-187,12,https://doi.org/10.1109/ICSE.2019.00034,
ICSE,2019,conf/icse/icse2019,Test generation,Automatically generating precise Oracles from structured natural language specifications.,Manish Motwani; Yuriy Brun,188-199,12,https://doi.org/10.1109/ICSE.2019.00035,
ICSE,2019,conf/icse/icse2019,Agile development,The product backlog.,Todd Sedano; Paul Ralph; Cécile Péraire,200-211,12,https://doi.org/10.1109/ICSE.2019.00036,
ICSE,2019,conf/icse/icse2019,Analysis and verification,Easy modelling and verification of unpredictable and preemptive interrupt-driven systems.,Minxue Pan; Shouyu Chen; Yu Pei; Tian Zhang; Xuandong Li,212-222,11,https://doi.org/10.1109/ICSE.2019.00037,
ICSE,2019,conf/icse/icse2019,Analysis and verification,Towards understanding and reasoning about Android interoperations.,Sora Bae; Sungho Lee; Sukyoung Ryu,223-233,11,https://doi.org/10.1109/ICSE.2019.00038,
ICSE,2019,conf/icse/icse2019,Analysis and verification,Zero-overhead path prediction with progressive symbolic execution.,Richard Rutledge; Sunjae Park; Haider A. Khan; Alessandro Orso; Milos Prvulovic; Alenka G. Zajic,234-245,12,https://doi.org/10.1109/ICSE.2019.00039,
ICSE,2019,conf/icse/icse2019,Mobile apps,Mimic: UI compatibility testing system for Android apps.,Taeyeon Ki; Chang Min Park; Karthik Dantu; Steven Y. Ko; Lukasz Ziarek,246-256,11,https://doi.org/10.1109/ICSE.2019.00040,
ICSE,2019,conf/icse/icse2019,Mobile apps,IconIntent: automatic identification of sensitive UI widgets based on icon classification for Android apps.,Xusheng Xiao; Xiaoyin Wang; Zhihao Cao; Hanlin Wang; Peng Gao,257-268,12,https://doi.org/10.1109/ICSE.2019.00041,
ICSE,2019,conf/icse/icse2019,Model-based software engineering,Practical GUI testing of Android applications via model abstraction and refinement.,Tianxiao Gu; Chengnian Sun; Xiaoxing Ma; Chun Cao; Chang Xu; Yuan Yao; Qirun Zhang; Jian Lu; Zhendong Su,269-280,12,https://doi.org/10.1109/ICSE.2019.00042,
ICSE,2019,conf/icse/icse2019,Model-based software engineering,AutoTap: synthesizing and repairing trigger-action programs using LTL properties.,Lefan Zhang; Weijia He; Jesse Martinez; Noah Brackenbury; Shan Lu; Blase Ur,281-291,11,https://doi.org/10.1109/ICSE.2019.00043,
ICSE,2019,conf/icse/icse2019,Program comprehension and reuse,Active inductive logic programming for code search.,Aishwarya Sivaraman; Tianyi Zhang; Guy Van den Broeck; Miryung Kim,292-303,12,https://doi.org/10.1109/ICSE.2019.00044,
ICSE,2019,conf/icse/icse2019,Program comprehension and reuse,NL2Type: inferring JavaScript function types from natural language information.,Rabee Sohail Malik; Jibesh Patra; Michael Pradel,304-315,12,https://doi.org/10.1109/ICSE.2019.00045,
ICSE,2019,conf/icse/icse2019,Program comprehension and reuse,Analyzing and supporting adaptation of online code examples.,Tianyi Zhang; Di Yang; Crista Lopes; Miryung Kim,316-327,12,https://doi.org/10.1109/ICSE.2019.00046,
ICSE,2019,conf/icse/icse2019,Program comprehension and reuse,DockerizeMe: automatic inference of environment dependencies for python code snippets.,Eric Horton; Chris Parnin,328-338,11,https://doi.org/10.1109/ICSE.2019.00047,
ICSE,2019,conf/icse/icse2019,"SE datasets, research infrastructure, and methodology",BugSwarm: mining and continuously growing a dataset of reproducible failures and fixes.,David A. Tomassi; Naji Dmeiri; Yichen Wang; Antara Bhowmick; Yen-Chuan Liu; Premkumar T. Devanbu; Bogdan Vasilescu; Cindy Rubio-González,339-349,11,https://doi.org/10.1109/ICSE.2019.00048,
ICSE,2019,conf/icse/icse2019,"SE datasets, research infrastructure, and methodology",ActionNet: vision-based workflow action recognition from programming screencasts.,Dehai Zhao; Zhenchang Xing; Chunyang Chen; Xin Xia; Guoqiang Li,350-361,12,https://doi.org/10.1109/ICSE.2019.00049,
ICSE,2019,conf/icse/icse2019,Studying developers,How C++ developers use immutability declarations: an empirical study.,Jonathan Eyolfson; Patrick Lam,362-372,11,https://doi.org/10.1109/ICSE.2019.00050,
ICSE,2019,conf/icse/icse2019,Studying developers,Latent patterns in activities: a field study of how developers manage context.,Souti Chattopadhyay; Nicholas Nelson; Yenifer Ramirez Gonzalez; Annel Amelia Leon; Rahul Pandita; Anita Sarma,373-383,11,https://doi.org/10.1109/ICSE.2019.00051,
ICSE,2019,conf/icse/icse2019,Studying developers,Developer reading behavior while summarizing Java methods: size and context matters.,Nahla J. Abid; Bonita Sharif; Natalia Dragan; Hend Alrasheed; Jonathan I. Maletic,384-395,12,https://doi.org/10.1109/ICSE.2019.00052,
ICSE,2019,conf/icse/icse2019,Studying developers,Distilling neural representations of data structure manipulation using fMRI and fNIRS.,Yu Huang; Xinyu Liu; Ryan Krueger; Tyler Santander; Xiaosu Hu; Kevin Leach; Westley Weimer,396-407,12,https://doi.org/10.1109/ICSE.2019.00053,
ICSE,2019,conf/icse/icse2019,Test selection and prioritization,FastLane: test minimization for rapidly deployed large-scale online services.,Adithya Abraham Philip; Ranjita Bhagwan; Rahul Kumar; Chandra Shekhar Maddila; Nachiappan Nagappan,408-418,11,https://doi.org/10.1109/ICSE.2019.00054,
ICSE,2019,conf/icse/icse2019,Test selection and prioritization,Scalable approaches for test suite reduction.,Emilio Cruciani; Breno Miranda; Roberto Verdecchia; Antonia Bertolino,419-429,11,https://doi.org/10.1109/ICSE.2019.00055,
ICSE,2019,conf/icse/icse2019,Test selection and prioritization,A framework for checking regression test selection tools.,Chenguang Zhu; Owolabi Legunsen; August Shi; Milos Gligoric,430-441,12,https://doi.org/10.1109/ICSE.2019.00056,
ICSE,2019,conf/icse/icse2019,Requirements,Supporting analysts by dynamic extraction and classification of requirements-related knowledge.,Zahra Shakeri Hossein Abad; Vincenzo Gervasi; Didar Zowghi; Behrouz H. Far,442-453,12,https://doi.org/10.1109/ICSE.2019.00057,
ICSE,2019,conf/icse/icse2019,Software analytics,Analysis and detection of information types of open source software issue discussions.,Deeksha M. Arya; Wenting Wang; Jin L. C. Guo; Jinghui Cheng,454-464,11,https://doi.org/10.1109/ICSE.2019.00058,
ICSE,2019,conf/icse/icse2019,Tool taxonomy and adoption,Do developers discover new tools on the toilet?,Emerson R. Murphy-Hill; Edward K. Smith; Caitlin Sadowski; Ciera Jaspan; Collin Winter; Matthew Jorde; Andrea Knight; Andrew Trenk; Steve Gross,465-475,11,https://doi.org/10.1109/ICSE.2019.00059,
ICSE,2019,conf/icse/icse2019,Tool taxonomy and adoption,Tool choice matters: JavaScript quality assurance tools and usage outcomes in GitHub projects.,David Kavaler; Asher Trockman; Bogdan Vasilescu; Vladimir Filkov,476-487,12,https://doi.org/10.1109/ICSE.2019.00060,
ICSE,2019,conf/icse/icse2019,Unit testing,Hunting for bugs in code coverage tools via randomized differential testing.,Yibiao Yang; Yuming Zhou; Hao Sun; Zhendong Su; Zhiqiang Zuo; Lei Xu; Baowen Xu,488-498,11,https://doi.org/10.1109/ICSE.2019.00061,issue_last_page
ICSE,2019,conf/icse/icse2019,Unit testing,Rotten green tests.,Julien Delplanque; Stéphane Ducasse; Guillermo Polito; Andrew P. Black; Anne Etien,500-511,12,https://doi.org/10.1109/ICSE.2019.00062,issue_first_page
ICSE,2019,conf/icse/icse2019,Automated repair 2,VFix: value-flow-guided precise program repair for null pointer dereferences.,Xuezheng Xu; Yulei Sui; Hua Yan; Jingling Xue,512-523,12,https://doi.org/10.1109/ICSE.2019.00063,
ICSE,2019,conf/icse/icse2019,Automated repair 2,On reliability of patch correctness assessment.,Xuan-Bach D. Le; Lingfeng Bao; David Lo; Xin Xia; Shanping Li; Corina S. Pasareanu,524-535,12,https://doi.org/10.1109/ICSE.2019.00064,
ICSE,2019,conf/icse/icse2019,Crowdsourced knowledge and feedback,How reliable is the crowdsourced knowledge of security implementation?,Mengsu Chen; Felix Fischer; Na Meng; Xiaoyin Wang; Jens Grossklags,536-547,12,https://doi.org/10.1109/ICSE.2019.00065,
ICSE,2019,conf/icse/icse2019,Crowdsourced knowledge and feedback,Pattern-based mining of opinions in Q&A websites.,Bin Lin; Fiorella Zampetti; Gabriele Bavota; Massimiliano Di Penta; Michele Lanza,548-559,12,https://doi.org/10.1109/ICSE.2019.00066,
ICSE,2019,conf/icse/icse2019,Dependencies,Detection and repair of architectural inconsistencies in Java.,Negar Ghorbani; Joshua Garcia; Sam Malek,560-571,12,https://doi.org/10.1109/ICSE.2019.00067,
ICSE,2019,conf/icse/icse2019,Dependencies,Could I have a stack trace to examine the dependency conflict issue?,Ying Wang; Ming Wen; Rongxin Wu; Zhenwei Liu; Shin Hwei Tan; Zhiliang Zhu; Hai Yu; Shing-Chi Cheung,572-583,12,https://doi.org/10.1109/ICSE.2019.00068,
ICSE,2019,conf/icse/icse2019,Dependencies,Investigating the impact of multiple dependency structures on software defects.,Di Cui; Ting Liu; Yuanfang Cai; Qinghua Zheng; Qiong Feng; Wuxia Jin; Jiaqi Guo; Yu Qu,584-595,12,https://doi.org/10.1109/ICSE.2019.00069,
ICSE,2019,conf/icse/icse2019,Requirements engineering for mass-market software,StoryDroid: automated generation of storyboard for Android apps.,Sen Chen; Lingling Fan; Chunyang Chen; Ting Su; Wenhe Li; Yang Liu; Lihua Xu,596-607,12,https://doi.org/10.1109/ICSE.2019.00070,
ICSE,2019,conf/icse/icse2019,Trends and challenges in SE,Statistical algorithmic profiling for randomized approximate programs.,Keyur Joshi; Vimuth Fernando; Sasa Misailovic,608-618,11,https://doi.org/10.1109/ICSE.2019.00071,
ICSE,2019,conf/icse/icse2019,Concurrency,Safe automated refactoring for intelligent parallelization of Java 8 streams.,Raffi Khatchadourian; Yiming Tang; Mehdi Bagherzadeh; Syed Ahmed,619-630,12,https://doi.org/10.1109/ICSE.2019.00072,
ICSE,2019,conf/icse/icse2019,Concurrency,Detecting atomicity violations for event-driven Node.js applications.,Xiaoning Chang; Wensheng Dou; Yu Gao; Jie Wang; Jun Wei; Tao Huang,631-642,12,https://doi.org/10.1109/ICSE.2019.00073,
ICSE,2019,conf/icse/icse2019,Concurrency,Parallel refinement for multi-threaded program verification.,Liangze Yin; Wei Dong; Wanwei Liu; Ji Wang,643-653,11,https://doi.org/10.1109/ICSE.2019.00074,
ICSE,2019,conf/icse/icse2019,Defect prediction,Mining software defects: should we consider affected releases?,Suraj Yatish; Jirayus Jiarpakdee; Patanamon Thongtanunam; Chakkrit Tantithamthavorn,654-665,12,https://doi.org/10.1109/ICSE.2019.00075,
ICSE,2019,conf/icse/icse2019,Defect prediction,Class imbalance evolution and verification latency in just-in-time software defect prediction.,George G. Cabral; Leandro L. Minku; Emad Shihab; Suhaib Mujahid,666-676,11,https://doi.org/10.1109/ICSE.2019.00076,
ICSE,2019,conf/icse/icse2019,Developer biases and trust,FLOSS participants' perceptions about gender and inclusiveness: a survey.,Amanda Lee; Jeffrey C. Carver,677-687,11,https://doi.org/10.1109/ICSE.2019.00077,
ICSE,2019,conf/icse/icse2019,Developer biases and trust,Going farther together: the impact of social capital on sustained participation in open source.,Huilian Sophie Qiu; Alexander Nolte; Anita Brown; Alexander Serebrenik; Bogdan Vasilescu,688-699,12,https://doi.org/10.1109/ICSE.2019.00078,
ICSE,2019,conf/icse/icse2019,Developer biases and trust,Investigating the effects of gender bias on GitHub.,Nasif Imtiaz; Justin Middleton; Joymallya Chakraborty; Neill Robson; Gina Bai; Emerson R. Murphy-Hill,700-711,12,https://doi.org/10.1109/ICSE.2019.00079,
ICSE,2019,conf/icse/icse2019,Fuzzing,SLF: fuzzing without valid seed inputs.,Wei You; Xuwei Liu; Shiqing Ma; David Mitchel Perry; Xiangyu Zhang; Bin Liang,712-723,12,https://doi.org/10.1109/ICSE.2019.00080,
ICSE,2019,conf/icse/icse2019,Fuzzing,Superion: grammar-aware greybox fuzzing.,Junjie Wang; Bihuan Chen; Lei Wei; Yang Liu,724-735,12,https://doi.org/10.1109/ICSE.2019.00081,
ICSE,2019,conf/icse/icse2019,Fuzzing,Grey-box concolic testing on binary code.,Jaeseung Choi; Joonun Jang; Choongwoo Han; Sang Kil Cha,736-747,12,https://doi.org/10.1109/ICSE.2019.00082,
ICSE,2019,conf/icse/icse2019,Fuzzing,RESTler: stateful REST API fuzzing.,Vaggelis Atlidakis; Patrice Godefroid; Marina Polishchuk,748-758,11,https://doi.org/10.1109/ICSE.2019.00083,
ICSE,2019,conf/icse/icse2019,Machine learning in static analysis,Training binary classifiers as data structure invariants.,Facundo Molina; Renzo Degiovanni; Pablo Ponzio; Germán Regis; Nazareno Aguirre; Marcelo F. Frias,759-770,12,https://doi.org/10.1109/ICSE.2019.00084,
ICSE,2019,conf/icse/icse2019,Machine learning in static analysis,Graph embedding based familial analysis of Android malware using unsupervised learning.,Ming Fan; Xiapu Luo; Jun Liu; Meng Wang; Chunyin Nong; Qinghua Zheng; Ting Liu,771-782,12,https://doi.org/10.1109/ICSE.2019.00085,
ICSE,2019,conf/icse/icse2019,Machine learning in static analysis,A novel neural source code representation based on abstract syntax tree.,Jian Zhang; Xu Wang; Hongyu Zhang; Hailong Sun; Kaixuan Wang; Xudong Liu,783-794,12,https://doi.org/10.1109/ICSE.2019.00086,
ICSE,2019,conf/icse/icse2019,Machine learning in static analysis,A neural model for generating natural language summaries of program subroutines.,Alexander LeClair; Siyuan Jiang; Collin McMillan,795-806,12,https://doi.org/10.1109/ICSE.2019.00087,
ICSE,2019,conf/icse/icse2019,Mining software changes and patterns,The list is the process: reliable pre-integration tracking of commits on mailing lists.,Ralf Ramsauer; Daniel Lohmann; Wolfgang Mauerer,807-818,12,https://doi.org/10.1109/ICSE.2019.00088,
ICSE,2019,conf/icse/icse2019,Mining software changes and patterns,"Graph-based mining of in-the-wild, fine-grained, semantic code change patterns.",Hoan Anh Nguyen; Tien N. Nguyen; Danny Dig; Son Nguyen; Hieu Tran; Michael Hilton,819-830,12,https://doi.org/10.1109/ICSE.2019.00089,
ICSE,2019,conf/icse/icse2019,Software product lines,Intention-based integration of software variants.,Max Lillack; Stefan Stanciulescu; Wilhelm Hedman; Thorsten Berger; Andrzej Wasowski,831-842,12,https://doi.org/10.1109/ICSE.2019.00090,
ICSE,2019,conf/icse/icse2019,Software product lines,Supporting the statistical analysis of variability models.,Ruben Heradio; David Fernández-Amorós; Christoph Mayr-Dorn; Alexander Egyed,843-853,11,https://doi.org/10.1109/ICSE.2019.00091,
ICSE,2019,conf/icse/icse2019,Software product lines,Multifaceted automated analyses for variability-intensive embedded systems.,Sami Lazreg; Maxime Cordy; Philippe Collet; Patrick Heymans; Sébastien Mosser,854-865,12,https://doi.org/10.1109/ICSE.2019.00092,
ICSE,2019,conf/icse/icse2019,API analysis,Exposing library API misuses via mutation analysis.,Ming Wen; Yepang Liu; Rongxin Wu; Xuan Xie; Shing-Chi Cheung; Zhendong Su,866-877,12,https://doi.org/10.1109/ICSE.2019.00093,
ICSE,2019,conf/icse/icse2019,API analysis,Pivot: learning API-device correlations to facilitate Android compatibility issue detection.,Lili Wei; Yepang Liu; Shing-Chi Cheung,878-888,11,https://doi.org/10.1109/ICSE.2019.00094,
ICSE,2019,conf/icse/icse2019,API analysis,SafeCheck: safety enhancement of Java unsafe API.,Shiyou Huang; Jianmei Guo; Sanhong Li; Xiang Li; Yumin Qi; Kingsum Chow; Jeff Huang,889-899,11,https://doi.org/10.1109/ICSE.2019.00095,
ICSE,2019,conf/icse/icse2019,Crowdsourcing in software engineering,CTRAS: crowdsourced test report aggregation and summarization.,Rui Hao; Yang Feng; James A. Jones; Yuying Li; Zhenyu Chen,900-910,11,https://doi.org/10.1109/ICSE.2019.00096,issue_last_page
ICSE,2019,conf/icse/icse2019,Crowdsourcing in software engineering,iSENSE: completion-aware crowdtesting management.,Junjie Wang; Ye Yang; Rahul Krishna; Tim Menzies; Qing Wang,912-923,12,https://doi.org/10.1109/ICSE.2019.00097,issue_first_page
ICSE,2019,conf/icse/icse2019,Human factors,How practitioners perceive coding proficiency.,Xin Xia; Zhiyuan Wan; Pavneet Singh Kochhar; David Lo,924-935,12,https://doi.org/10.1109/ICSE.2019.00098,
ICSE,2019,conf/icse/icse2019,Human factors,Socio-technical work-rate increase associates with changes in work patterns in online projects.,Farhana Sarker; Bogdan Vasilescu; Kelly Blincoe; Vladimir Filkov,936-947,12,https://doi.org/10.1109/ICSE.2019.00099,
ICSE,2019,conf/icse/icse2019,Human factors,Why do episodic volunteers stay in FLOSS communities?,Ann Barcomb; Klaas-Jan Stol; Dirk Riehle; Brian Fitzgerald,948-954,7,https://doi.org/10.1109/ICSE.2019.00100,issue_last_page
ICSE,2019,conf/icse/icse2019,IDEs,When code completion fails: a case study on real-world completions.,Vincent J. Hellendoorn; Sebastian Proksch; Harald C. Gall; Alberto Bacchelli,960-970,11,https://doi.org/10.1109/ICSE.2019.00101,issue_first_page
ICSE,2019,conf/icse/icse2019,IDEs,Interactive production performance feedback in the IDE.,Jürgen Cito; Philipp Leitner; Martin Rinard; Harald C. Gall,971-981,11,https://doi.org/10.1109/ICSE.2019.00102,
ICSE,2019,conf/icse/icse2019,Performance,Redundant loads: a software inefficiency indicator.,Pengfei Su; Shasha Wen; Hailong Yang; Milind Chabbi; Xu Liu,982-993,12,https://doi.org/10.1109/ICSE.2019.00103,
ICSE,2019,conf/icse/icse2019,Performance,View-centric performance optimization for database-backed web applications.,Junwen Yang; Cong Yan; Chengcheng Wan; Shan Lu; Alvin Cheung,994-1004,11,https://doi.org/10.1109/ICSE.2019.00104,
ICSE,2019,conf/icse/icse2019,Performance,Adjust: runtime mitigation of resource abusing third-party online ads.,Weihang Wang; I Luk Kim; Yunhui Zheng,1005-1015,11,https://doi.org/10.1109/ICSE.2019.00105,
ICSE,2019,conf/icse/icse2019,Specifications and models,Symbolic repairs for GR(1) specifications.,Shahar Maoz; Jan Oliver Ringert; Rafi Shalom,1016-1026,11,https://doi.org/10.1109/ICSE.2019.00106,
ICSE,2019,conf/icse/icse2019,Specifications and models,CRADLE: cross-backend validation to detect and localize bugs in deep learning libraries.,Hung Viet Pham; Thibaud Lutellier; Weizhen Qi; Lin Tan,1027-1038,12,https://doi.org/10.1109/ICSE.2019.00107,
ICSE,2019,conf/icse/icse2019,Specifications and models,Guiding deep learning system testing using surprise adequacy.,Jinhan Kim; Robert Feldt; Shin Yoo,1039-1049,11,https://doi.org/10.1109/ICSE.2019.00108,
ICSE,2019,conf/icse/icse2019,APIs,FOCUS: a recommender system for mining API function calls and usage patterns.,Phuong T. Nguyen; Juri Di Rocco; Davide Di Ruscio; Lina Ochoa; Thomas Degueule; Massimiliano Di Penta,1050-1060,11,https://doi.org/10.1109/ICSE.2019.00109,
ICSE,2019,conf/icse/icse2019,Code reviews,Test-driven code review: an empirical study.,Davide Spadini; Fabio Palomba; Tobias Baum; Stefan Hanenberg; Magiel Bruntink; Alberto Bacchelli,1061-1072,12,https://doi.org/10.1109/ICSE.2019.00110,
ICSE,2019,conf/icse/icse2019,Code reviews,Why does code review work for open source software communities?,Adam Alami; Marisa Leavitt Cohn; Andrzej Wasowski,1073-1083,11,https://doi.org/10.1109/ICSE.2019.00111,
ICSE,2019,conf/icse/icse2019,Configuration and optimization,Distance-based sampling of software configuration spaces.,Christian Kaltenecker; Alexander Grebhahn; Norbert Siegmund; Jianmei Guo; Sven Apel,1084-1094,11,https://doi.org/10.1109/ICSE.2019.00112,
ICSE,2019,conf/icse/icse2019,Configuration and optimization,DeepPerf: performance prediction for configurable software with deep sparse neural network.,Huong Ha; Hongyu Zhang,1095-1106,12,https://doi.org/10.1109/ICSE.2019.00113,
ICSE,2019,conf/icse/icse2019,Energy consumption in mobile apps,GreenBundle: an empirical study on the energy impact of bundled processing.,Shaiful Alam Chowdhury; Abram Hindle; Rick Kazman; Takumi Shuto; Ken Matsui; Yasutaka Kamei,1107-1118,12,https://doi.org/10.1109/ICSE.2019.00114,
ICSE,2019,conf/icse/icse2019,Energy consumption in mobile apps,Search-based energy testing of Android.,Reyhaneh Jabbarvand; Jun-Wei Lin; Sam Malek,1119-1130,12,https://doi.org/10.1109/ICSE.2019.00115,
ICSE,2019,conf/icse/icse2019,Program transformations,Global optimization of numerical programs via prioritized stochastic algebraic transformations.,Xie Wang; Huaijin Wang; Zhendong Su; Enyi Tang; Xin Chen; Weijun Shen; Zhenyu Chen; Linzhang Wang; Xianpei Zhang; Xuandong Li,1131-1141,11,https://doi.org/10.1109/ICSE.2019.00116,
ICSE,2019,conf/icse/icse2019,Program transformations,Type migration in ultra-large-scale codebases.,Ameya Ketkar; Ali Mesbah; Davood Mazinanian; Danny Dig; Edward Aftandilian,1142-1153,12,https://doi.org/10.1109/ICSE.2019.00117,
ICSE,2019,conf/icse/icse2019,Program transformations,Dynamic slicing for Android.,Tanzirul Azim; Arash Alavi; Iulian Neamtiu; Rajiv Gupta,1154-1164,11,https://doi.org/10.1109/ICSE.2019.00118,
ICSE,2019,conf/icse/icse2019,Reverse engineering,Recovering variable names for minified code with usage contexts.,Hieu Tran; Ngoc M. Tran; Son Nguyen; Hoan Nguyen; Tien N. Nguyen,1165-1175,11,https://doi.org/10.1109/ICSE.2019.00119,
ICSE,2019,conf/icse/icse2019,Reverse engineering,"Gigahorse: thorough, declarative decompilation of smart contracts.",Neville Grech; Lexi Brent; Bernhard Scholz; Yannis Smaragdakis,1176-1186,11,https://doi.org/10.1109/ICSE.2019.00120,
ICSE,2019,conf/icse/icse2019,Reverse engineering,Probabilistic disassembly.,Kenneth A. Miller; Yonghwi Kwon; Yi Sun; Zhuo Zhang; Xiangyu Zhang; Zhiqiang Lin,1187-1198,12,https://doi.org/10.1109/ICSE.2019.00121,
ICSE,2019,conf/icse/icse2019,Software documentation,Software documentation issues unveiled.,Emad Aghajani; Csaba Nagy; Olga Lucero Vega-Márquez; Mario Linares-Vásquez; Laura Moreno; Gabriele Bavota; Michele Lanza,1199-1210,12,https://doi.org/10.1109/ICSE.2019.00122,
ICSE,2019,conf/icse/icse2019,Software documentation,"9.6 million links in source code comments: purpose, evolution, and decay.",Hideaki Hata; Christoph Treude; Raula Gaikovina Kula; Takashi Ishio,1211-1221,11,https://doi.org/10.1109/ICSE.2019.00123,
ICSE,2019,conf/icse/icse2019,Software quality,Leveraging artifact trees to evolve and reuse safety cases.,Ankit Agrawal; Seyedehzahra Khoshmanesh; Michael Vierhauser; Mona Rahimi; Jane Cleland-Huang; Robyn R. Lutz,1222-1233,12,https://doi.org/10.1109/ICSE.2019.00124,
ICSE,2019,conf/icse/icse2019,Testing and analysis: domain-specific approaches,Detecting incorrect build rules.,Nándor Licker; Andrew Rice,1234-1244,11,https://doi.org/10.1109/ICSE.2019.00125,
ICSE,2019,conf/icse/icse2019,Testing and analysis: domain-specific approaches,Adversarial sample detection for deep neural network through model mutation testing.,Jingyi Wang; Guoliang Dong; Jun Sun; Xinyu Wang; Peixin Zhang,1245-1256,12,https://doi.org/10.1109/ICSE.2019.00126,
ICSE,2019,conf/icse/icse2019,Testing and analysis: domain-specific approaches,Deep differential testing of JVM implementations.,Yuting Chen; Ting Su; Zhendong Su,1257-1268,12,https://doi.org/10.1109/ICSE.2019.00127,
TSE,2019,journals/tse/tse45,"Volume 45, Number 1, January 2019",Editorial: State of the Journal.,Nenad Medvidovic,1,1,https://doi.org/10.1109/TSE.2018.2885501,
TSE,2019,journals/tse/tse45,"Volume 45, Number 1, January 2019","A Rigorous Framework for Specification, Analysis and Enforcement of Access Control Policies.",Andrea Margheri; Massimiliano Masi; Rosario Pugliese; Francesco Tiezzi,2-33,32,https://doi.org/10.1109/TSE.2017.2765640,
TSE,2019,journals/tse/tse45,"Volume 45, Number 1, January 2019",Automatic Software Repair: A Survey.,Luca Gazzola; Daniela Micucci; Leonardo Mariani,34-67,34,https://doi.org/10.1109/TSE.2017.2755013,
TSE,2019,journals/tse/tse45,"Volume 45, Number 1, January 2019",Listening to the Crowd for the Release Planning of Mobile Apps.,Simone Scalabrino; Gabriele Bavota; Barbara Russo; Massimiliano Di Penta; Rocco Oliveto,68-86,19,https://doi.org/10.1109/TSE.2017.2759112,
TSE,2019,journals/tse/tse45,"Volume 45, Number 1, January 2019",What Makes a Great Manager of Software Engineers?,Eirini Kalliamvakou; Christian Bird; Thomas Zimmermann; Andrew Begel; Robert DeLine; Daniel M. Germán,87-106,20,https://doi.org/10.1109/TSE.2017.2768368,issue_last_page
TSE,2019,journals/tse/tse45,"Volume 45, Number 2, February 2019",A Systematic Literature Review and Meta-Analysis on Cross Project Defect Prediction.,Seyedrebvar Hosseini; Burak Turhan; Dimuthu Gunarathna,111-147,37,https://doi.org/10.1109/TSE.2017.2770124,issue_first_page
TSE,2019,journals/tse/tse45,"Volume 45, Number 2, February 2019",Automated Refactoring of OCL Constraints with Search.,Hong Lu; Shuai Wang; Tao Yue; Shaukat Ali; Jan F. Nygård,148-170,23,https://doi.org/10.1109/TSE.2017.2774829,
TSE,2019,journals/tse/tse45,"Volume 45, Number 2, February 2019",Gray Computing: A Framework for Computing with Background JavaScript Tasks.,Yao Pan; Jules White; Yu Sun; Jeff Gray,171-193,23,https://doi.org/10.1109/TSE.2017.2772812,
TSE,2019,journals/tse/tse45,"Volume 45, Number 2, February 2019",Toward a Smell-Aware Bug Prediction Model.,Fabio Palomba; Marco Zanoni; Francesca Arcelli Fontana; Andrea De Lucia; Rocco Oliveto,194-218,25,https://doi.org/10.1109/TSE.2017.2770122,
TSE,2019,journals/tse/tse45,"Volume 45, Number 3, March 2019",Automatically Exploring Tradeoffs Between Software Output Fidelity and Energy Costs.,Jonathan Dorn; Jeremy Lacomis; Westley Weimer; Stephanie Forrest,219-236,18,https://doi.org/10.1109/TSE.2017.2775634,
TSE,2019,journals/tse/tse45,"Volume 45, Number 3, March 2019",Competition-Based Crowdsourcing Software Development: A Multi-Method Study from a Customer Perspective.,Klaas-Jan Stol; Bora Caglayan; Brian Fitzgerald,237-260,24,https://doi.org/10.1109/TSE.2017.2774297,
TSE,2019,journals/tse/tse45,"Volume 45, Number 3, March 2019","Developer Testing in the IDE: Patterns, Beliefs, and Behavior.",Moritz Beller; Georgios Gousios; Annibale Panichella; Sebastian Proksch; Sven Amann; Andy Zaidman,261-284,24,https://doi.org/10.1109/TSE.2017.2776152,
TSE,2019,journals/tse/tse45,"Volume 45, Number 3, March 2019",Integrating Technical Debt Management and Software Quality Management Processes: A Normative Framework and Field Tests.,Narayan Ramasubbu; Chris F. Kemerer,285-300,16,https://doi.org/10.1109/TSE.2017.2774832,
TSE,2019,journals/tse/tse45,"Volume 45, Number 3, March 2019",MSeer - An Advanced Technique for Locating Multiple Bugs in Parallel.,Ruizhi Gao; W. Eric Wong,301-318,18,https://doi.org/10.1109/TSE.2017.2776912,
TSE,2019,journals/tse/tse45,"Volume 45, Number 4, April 2019",An Empirical Study on API Usages.,Hao Zhong; Hong Mei,319-334,16,https://doi.org/10.1109/TSE.2017.2782280,
TSE,2019,journals/tse/tse45,"Volume 45, Number 4, April 2019",Automatic Generation of Tests to Exploit XML Injection Vulnerabilities in Web Applications.,Sadeeq Jan; Annibale Panichella; Andrea Arcuri; Lionel C. Briand,335-362,28,https://doi.org/10.1109/TSE.2017.2778711,
TSE,2019,journals/tse/tse45,"Volume 45, Number 4, April 2019",Combining Code and Requirements Coverage with Execution Cost for Test Suite Reduction.,Alessandro Marchetto; Giuseppe Scanniello; Angelo Susi,363-390,28,https://doi.org/10.1109/TSE.2017.2777831,
TSE,2019,journals/tse/tse45,"Volume 45, Number 4, April 2019",On the Multiple Sources and Privacy Preservation Issues for Heterogeneous Defect Prediction.,Zhiqiang Li; Xiao-Yuan Jing; Xiaoke Zhu; Hongyu Zhang; Baowen Xu; Shi Ying,391-411,21,https://doi.org/10.1109/TSE.2017.2780222,
TSE,2019,journals/tse/tse45,"Volume 45, Number 4, April 2019",Smart Bound Selection for the Verification of UML/OCL Class Diagrams.,Robert Clarisó; Carlos A. González; Jordi Cabot,412-426,15,https://doi.org/10.1109/TSE.2017.2777830,
TSE,2019,journals/tse/tse45,"Volume 45, Number 5, May 2019",Automatic Detection and Removal of Ineffective Mutants for the Mutation Analysis of Relational Database Schemas.,Phil McMinn; Chris J. Wright; Colton J. McCurdy; Gregory M. Kapfhammer,427-463,37,https://doi.org/10.1109/TSE.2017.2786286,
TSE,2019,journals/tse/tse45,"Volume 45, Number 5, May 2019",Automatic Identification and Classification of Software Development Video Tutorial Fragments.,Luca Ponzanelli; Gabriele Bavota; Andrea Mocci; Rocco Oliveto; Massimiliano Di Penta; Sonia Haiduc; Barbara Russo; Michele Lanza,464-488,25,https://doi.org/10.1109/TSE.2017.2779479,
TSE,2019,journals/tse/tse45,"Volume 45, Number 5, May 2019",Coverage-Based Greybox Fuzzing as Markov Chain.,Marcel Böhme; Van-Thuan Pham; Abhik Roychoudhury,489-506,18,https://doi.org/10.1109/TSE.2017.2785841,
TSE,2019,journals/tse/tse45,"Volume 45, Number 5, May 2019",Decomposition-Based Approach for Model-Based Test Generation.,Paolo Arcaini; Angelo Gargantini; Elvinia Riccobene,507-520,14,https://doi.org/10.1109/TSE.2017.2781231,
TSE,2019,journals/tse/tse45,"Volume 45, Number 5, May 2019","The Good, the Bad and the Ugly: A Study of Security Decisions in a Cyber-Physical Systems Game.",Sylvain Frey; Awais Rashid; Pauline Anthonysamy; Maria Pinto-Albuquerque; Syed Asad Naqvi,521-536,16,https://doi.org/10.1109/TSE.2017.2782813,
TSE,2019,journals/tse/tse45,"Volume 45, Number 6, June 2019",Automatic Loop Summarization via Path Dependency Analysis.,Xiaofei Xie; Bihuan Chen; Liang Zou; Yang Liu; Wei Le; Xiaohong Li,537-557,21,https://doi.org/10.1109/TSE.2017.2788018,
TSE,2019,journals/tse/tse45,"Volume 45, Number 6, June 2019",ConPredictor: Concurrency Defect Prediction in Real-World Applications.,Tingting Yu; Wei Wen; Xue Han; Jane Huffman Hayes,558-575,18,https://doi.org/10.1109/TSE.2018.2791521,
TSE,2019,journals/tse/tse45,"Volume 45, Number 6, June 2019",makeSense: Simplifying the Integration of Wireless Sensor Networks into Business Processes.,Luca Mottola; Gian Pietro Picco; Felix Jonathan Oppermann; Joakim Eriksson; Niclas Finne; Harald Fuchs; Andrea Gaglione; Stamatis Karnouskos; Patricio Moreno Montero; Nina Oertel; Kay Römer; Patrik Spieß; Stefano Tranquillini; Thiemo Voigt,576-596,21,https://doi.org/10.1109/TSE.2017.2787585,
TSE,2019,journals/tse/tse45,"Volume 45, Number 6, June 2019","""Sampling"" as a Baseline Optimizer for Search-Based Software Engineering.",Jianfeng Chen; Vivek Nair; Rahul Krishna; Tim Menzies,597-614,18,https://doi.org/10.1109/TSE.2018.2790925,
TSE,2019,journals/tse/tse45,"Volume 45, Number 6, June 2019",Text Filtering and Ranking for Security Bug Report Prediction.,Fayola Peters; Thein Than Tun; Yijun Yu; Bashar Nuseibeh,615-631,17,https://doi.org/10.1109/TSE.2017.2787653,
TSE,2019,journals/tse/tse45,"Volume 45, Number 6, June 2019","Correction of ""A Comparative Study to Benchmark Cross-Project Defect Prediction Approaches"".",Steffen Herbold; Alexander Trautsch; Jens Grabowski,632-636,5,https://doi.org/10.1109/TSE.2018.2790413,
TSE,2019,journals/tse/tse45,"Volume 45, Number 7, July 2019",A Deep Learning Model for Estimating Story Points.,Morakot Choetkiertikul; Hoa Khanh Dam; Truyen Tran; Trang Pham; Aditya Ghose; Tim Menzies,637-656,20,https://doi.org/10.1109/TSE.2018.2792473,
TSE,2019,journals/tse/tse45,"Volume 45, Number 7, July 2019",Design Rule Spaces: A New Model for Representing and Analyzing Software Architecture.,Yuanfang Cai; Lu Xiao; Rick Kazman; Ran Mo; Qiong Feng,657-682,26,https://doi.org/10.1109/TSE.2018.2797899,
TSE,2019,journals/tse/tse45,"Volume 45, Number 7, July 2019",The Impact of Automated Parameter Optimization on Defect Prediction Models.,Chakkrit Tantithamthavorn; Shane McIntosh; Ahmed E. Hassan; Kenichi Matsumoto,683-711,29,https://doi.org/10.1109/TSE.2018.2794977,
TSE,2019,journals/tse/tse45,"Volume 45, Number 7, July 2019",Toward Methodological Guidelines for Process Theories and Taxonomies in Software Engineering.,Paul Ralph,712-735,24,https://doi.org/10.1109/TSE.2018.2796554,
TSE,2019,journals/tse/tse45,"Volume 45, Number 8, August 2019",A Systematic Literature Review of Applications of the Physics of Notations.,Dirk van der Linden; Irit Hadar,736-759,24,https://doi.org/10.1109/TSE.2018.2802910,
TSE,2019,journals/tse/tse45,"Volume 45, Number 8, August 2019",A Systematic Review of Interaction in Search-Based Software Engineering.,Aurora Ramírez; José Raúl Romero; Christopher L. Simons,760-781,22,https://doi.org/10.1109/TSE.2018.2803055,
TSE,2019,journals/tse/tse45,"Volume 45, Number 8, August 2019",Instance Migration Validity for Dynamic Evolution of Data-Aware Processes.,Wei Song; Xiaoxing Ma; Hans-Arno Jacobsen,782-801,20,https://doi.org/10.1109/TSE.2018.2802925,
TSE,2019,journals/tse/tse45,"Volume 45, Number 8, August 2019",Verification Templates for the Analysis of User Interface Software Design.,Michael D. Harrison; Paolo Masci; José Creissac Campos,802-822,21,https://doi.org/10.1109/TSE.2018.2804939,
TSE,2019,journals/tse/tse45,"Volume 45, Number 8, August 2019",VT-Revolution: Interactive Programming Video Tutorial Authoring and Watching System.,Lingfeng Bao; Zhenchang Xing; Xin Xia; David Lo,823-838,16,https://doi.org/10.1109/TSE.2018.2802916,
TSE,2019,journals/tse/tse45,"Volume 45, Number 9, September 2019",Asymmetric Release Planning: Compromising Satisfaction against Dissatisfaction.,Maleknaz Nayebi; Guenther Ruhe,839-857,19,https://doi.org/10.1109/TSE.2018.2810895,
TSE,2019,journals/tse/tse45,"Volume 45, Number 9, September 2019",Fully Reflective Execution Environments: Virtual Machines for More Flexible Software.,Guido Chari; Diego Garbervetsky; Stefan Marr; Stéphane Ducasse,858-876,19,https://doi.org/10.1109/TSE.2018.2812715,
TSE,2019,journals/tse/tse45,"Volume 45, Number 9, September 2019",How Developers Diagnose Potential Security Vulnerabilities with a Static Analysis Tool.,Justin Smith; Brittany Johnson; Emerson R. Murphy-Hill; Bill Chu; Heather Richter Lipford,877-897,21,https://doi.org/10.1109/TSE.2018.2810116,
TSE,2019,journals/tse/tse45,"Volume 45, Number 9, September 2019",Predictive Mutation Testing.,Jie Zhang; Lingming Zhang; Mark Harman; Dan Hao; Yue Jia; Lu Zhang,898-918,21,https://doi.org/10.1109/TSE.2018.2809496,
TSE,2019,journals/tse/tse45,"Volume 45, Number 9, September 2019",Test Generation and Test Prioritization for Simulink Models with Dynamic Behavior.,Reza Matinnejad; Shiva Nejati; Lionel C. Briand; Thomas Bruckmann,919-944,26,https://doi.org/10.1109/TSE.2018.2811489,
TSE,2019,journals/tse/tse45,"Volume 45, Number 10, October 2019",A Screening Test for Disclosed Vulnerabilities in FOSS Components.,Stanislav Dashevskyi; Achim D. Brucker; Fabio Massacci,945-966,22,https://doi.org/10.1109/TSE.2018.2816033,
TSE,2019,journals/tse/tse45,"Volume 45, Number 10, October 2019",Creating Rich and Representative Personas by Discovering Affordances.,Mostafa Mesgari; Chitu Okoli; Ana Ortiz de Guinea,967-983,17,https://doi.org/10.1109/TSE.2018.2826537,
TSE,2019,journals/tse/tse45,"Volume 45, Number 10, October 2019",Detecting Bugs by Discovering Expectations and Their Violations.,Pan Bian; Bin Liang; Yan Zhang; Chaoqun Yang; Wenchang Shi; Yan Cai,984-1001,18,https://doi.org/10.1109/TSE.2018.2816639,
TSE,2019,journals/tse/tse45,"Volume 45, Number 10, October 2019",Network-Clustered Multi-Modal Bug Localization.,Thong Hoang; Richard Jayadi Oentaryo; Tien-Duy B. Le; David Lo,1002-1023,22,https://doi.org/10.1109/TSE.2018.2810892,
TSE,2019,journals/tse/tse45,"Volume 45, Number 10, October 2019",UniDoSA: The Unified Specification and Detection of Service Antipatterns.,Francis Palma; Naouel Moha; Yann-Gaël Guéhéneuc,1024-1053,30,https://doi.org/10.1109/TSE.2018.2819180,
TSE,2019,journals/tse/tse45,"Volume 45, Number 11, November 2019",How Do Static and Dynamic Test Case Prioritization Techniques Perform on Modern Software Systems? An Extensive Study on GitHub Projects.,Qi Luo; Kevin Moran; Lingming Zhang; Denys Poshyvanyk,1054-1080,27,https://doi.org/10.1109/TSE.2018.2822270,
TSE,2019,journals/tse/tse45,"Volume 45, Number 11, November 2019",Bellwethers: A Baseline Method for Transfer Learning.,Rahul Krishna; Tim Menzies,1081-1105,25,https://doi.org/10.1109/TSE.2018.2821670,
TSE,2019,journals/tse/tse45,"Volume 45, Number 11, November 2019",Microtask Programming.,Thomas D. LaToza; Arturo Di Lecce; Fabio Ricci; W. Ben Towne; André van der Hoek,1106-1124,19,https://doi.org/10.1109/TSE.2018.2823327,
TSE,2019,journals/tse/tse45,"Volume 45, Number 11, November 2019",Accurate and Scalable Cross-Architecture Cross-OS Binary Code Search with Emulation.,Yinxing Xue; Zhengzi Xu; Mahinthan Chandramohan; Yang Liu,1125-1149,25,https://doi.org/10.1109/TSE.2018.2827379,
TSE,2019,journals/tse/tse45,"Volume 45, Number 11, November 2019",Approximate Oracles and Synergy in Software Energy Search Spaces.,Bobby R. Bruce; Justyna Petke; Mark Harman; Earl T. Barr,1150-1169,20,https://doi.org/10.1109/TSE.2018.2827066,
TSE,2019,journals/tse/tse45,"Volume 45, Number 12, December 2019",A Systematic Evaluation of Static API-Misuse Detectors.,Sven Amann; Hoan Anh Nguyen; Sarah Nadi; Tien N. Nguyen; Mira Mezini,1170-1188,19,https://doi.org/10.1109/TSE.2018.2827384,
TSE,2019,journals/tse/tse45,"Volume 45, Number 12, December 2019",Integrative Double Kaizen Loop (IDKL): Towards a Culture of Continuous Learning and Sustainable Improvements for Software Organizations.,Osama Al-Baik; James Miller,1189-1210,22,https://doi.org/10.1109/TSE.2018.2829722,
TSE,2019,journals/tse/tse45,"Volume 45, Number 12, December 2019",Automating Change-Level Self-Admitted Technical Debt Determination.,Meng Yan; Xin Xia; Emad Shihab; David Lo; Jianwei Yin; Xiaohu Yang,1211-1229,19,https://doi.org/10.1109/TSE.2018.2831232,
TSE,2019,journals/tse/tse45,"Volume 45, Number 12, December 2019",LEILA: Formal Tool for Identifying Mobile Malicious Behaviour.,Gerardo Canfora; Fabio Martinelli; Francesco Mercaldo; Vittoria Nardone; Antonella Santone; Corrado Aaron Visaggio,1230-1252,23,https://doi.org/10.1109/TSE.2018.2834344,
TSE,2019,journals/tse/tse45,"Volume 45, Number 12, December 2019",A Comprehensive Investigation of the Role of Imbalanced Learning for Software Defect Prediction.,Qinbao Song; Yuchen Guo; Martin J. Shepperd,1253-1269,17,https://doi.org/10.1109/TSE.2018.2836442,
TSE,2019,journals/tse/tse45,"Volume 45, Number 12, December 2019",CHiP: A Configurable Hybrid Parallel Covering Array Constructor.,Hanefi Mercan; Cemal Yilmaz; Kamer Kaya,1270-1291,22,https://doi.org/10.1109/TSE.2018.2837759,
FSE,2019,conf/sigsoft/fse2019,Keynotes,Living with feature interactions (keynote).,Joanne M. Atlee,1,1,https://doi.org/10.1145/3338906.3342811,
FSE,2019,conf/sigsoft/fse2019,Keynotes,Safety and robustness for deep learning with provable guarantees (keynote).,Marta Kwiatkowska,2,1,https://doi.org/10.1145/3338906.3342812,
FSE,2019,conf/sigsoft/fse2019,Keynotes,Insights from open source software supply chains (keynote).,Audris Mockus,3,1,https://doi.org/10.1145/3338906.3342813,
FSE,2019,conf/sigsoft/fse2019,Main Research,Concolic testing for models of state-based systems.,Reza Ahmadi; Juergen Dingel,4-15,12,https://doi.org/10.1145/3338906.3338908,
FSE,2019,conf/sigsoft/fse2019,Main Research,Target-driven compositional concolic testing with function summary refinement for effective bug detection.,Yunho Kim; Shin Hong; Moonzoo Kim,16-26,11,https://doi.org/10.1145/3338906.3338934,
FSE,2019,conf/sigsoft/fse2019,Main Research,Generating automated and online test oracles for Simulink models with continuous and uncertain behaviors.,Claudio Menghi; Shiva Nejati; Khouloud Gaaloul; Lionel C. Briand,27-38,12,https://doi.org/10.1145/3338906.3338920,
FSE,2019,conf/sigsoft/fse2019,Main Research,Lifting Datalog-based analyses to software product lines.,Ramy Shahin; Marsha Chechik; Rick Salay,39-49,11,https://doi.org/10.1145/3338906.3338928,
FSE,2019,conf/sigsoft/fse2019,Main Research,An empirical study of real-world variability bugs detected by variability-oblivious tools.,Austin Mordahl; Jeho Oh; Ugur Koc; Shiyi Wei; Paul Gazzillo,50-61,12,https://doi.org/10.1145/3338906.3338967,
FSE,2019,conf/sigsoft/fse2019,Main Research,Principles of feature modeling.,Damir Nesic; Jacob Krüger; Stefan Stanciulescu; Thorsten Berger,62-73,12,https://doi.org/10.1145/3338906.3338974,
FSE,2019,conf/sigsoft/fse2019,Main Research,Understanding GCC builtins to develop better tools.,Manuel Rigger; Stefan Marr; Bram Adams; Hanspeter Mössenböck,74-85,12,https://doi.org/10.1145/3338906.3338907,
FSE,2019,conf/sigsoft/fse2019,Main Research,Assessing the quality of the steps to reproduce in bug reports.,Oscar Chaparro; Carlos Bernal-Cárdenas; Jing Lu; Kevin Moran; Andrian Marcus; Massimiliano Di Penta; Denys Poshyvanyk; Vincent Ng,86-96,11,https://doi.org/10.1145/3338906.3338947,
FSE,2019,conf/sigsoft/fse2019,Main Research,A learning-based approach for automatic construction of domain glossary from source code and documentation.,Chong Wang; Xin Peng; Mingwei Liu; Zhenchang Xing; Xuefang Bai; Bing Xie; Tuo Wang,97-108,12,https://doi.org/10.1145/3338906.3338963,
FSE,2019,conf/sigsoft/fse2019,Main Research,On using machine learning to identify knowledge in API reference documentation.,Davide Fucci; Alireza Mollaalizadehbahnemiri; Walid Maalej,109-119,11,https://doi.org/10.1145/3338906.3338943,
FSE,2019,conf/sigsoft/fse2019,Main Research,Generating query-specific class API summaries.,Mingwei Liu; Xin Peng; Andrian Marcus; Zhenchang Xing; Wenkai Xie; Shuangshuang Xing; Yang Liu,120-130,11,https://doi.org/10.1145/3338906.3338971,
FSE,2019,conf/sigsoft/fse2019,Main Research,Semantic relation based expansion of abbreviations.,Yanjie Jiang; Hui Liu; Lu Zhang,131-141,11,https://doi.org/10.1145/3338906.3338929,
FSE,2019,conf/sigsoft/fse2019,Main Research,Diversity-based web test generation.,Matteo Biagiola; Andrea Stocco; Filippo Ricca; Paolo Tonella,142-153,12,https://doi.org/10.1145/3338906.3338970,
FSE,2019,conf/sigsoft/fse2019,Main Research,Web test dependency detection.,Matteo Biagiola; Andrea Stocco; Ali Mesbah; Filippo Ricca; Paolo Tonella,154-164,11,https://doi.org/10.1145/3338906.3338948,
FSE,2019,conf/sigsoft/fse2019,Main Research,Testing scratch programs automatically.,Andreas Stahlbauer; Marvin Kreis; Gordon Fraser,165-175,11,https://doi.org/10.1145/3338906.3338910,
FSE,2019,conf/sigsoft/fse2019,Main Research,A large-scale empirical study of compiler errors in continuous integration.,Chen Zhang; Bihuan Chen; Linlin Chen; Xin Peng; Wenyun Zhao,176-187,12,https://doi.org/10.1145/3338906.3338917,
FSE,2019,conf/sigsoft/fse2019,Main Research,A statistics-based performance testing methodology for cloud applications.,Sen He; Glenna Manns; John Saunders; Wei Wang; Lori L. Pollock; Mary Lou Soffa,188-199,12,https://doi.org/10.1145/3338906.3338912,
FSE,2019,conf/sigsoft/fse2019,Main Research,How bad can a bug get? an empirical analysis of software failures in the OpenStack cloud computing platform.,Domenico Cotroneo; Luigi De Simone; Pietro Liguori; Roberto Natella; Nematollah Bidokhti,200-211,12,https://doi.org/10.1145/3338906.3338916,
FSE,2019,conf/sigsoft/fse2019,Main Research,Towards more efficient meta-heuristic algorithms for combinatorial test generation.,Jinkun Lin; Shaowei Cai; Chuan Luo; Qingwei Lin; Hongyu Zhang,212-222,11,https://doi.org/10.1145/3338906.3338914,
FSE,2019,conf/sigsoft/fse2019,Main Research,Compiler bug isolation via effective witness test program generation.,Junjie Chen; Jiaqi Han; Peiyi Sun; Lingming Zhang; Dan Hao; Lu Zhang,223-234,12,https://doi.org/10.1145/3338906.3338957,
FSE,2019,conf/sigsoft/fse2019,Main Research,Concolic testing with adaptively changing search heuristics.,Sooyoung Cha; Hakjoo Oh,235-245,11,https://doi.org/10.1145/3338906.3338964,
FSE,2019,conf/sigsoft/fse2019,Main Research,Symbolic execution-driven extraction of the parallel execution plans of Spark applications.,Luciano Baresi; Giovanni Denaro; Giovanni Quattrocchi,246-256,11,https://doi.org/10.1145/3338906.3338973,
FSE,2019,conf/sigsoft/fse2019,Main Research,Generating effective test cases for self-driving cars from police reports.,Alessio Gambi; Tri Huynh; Gordon Fraser,257-267,11,https://doi.org/10.1145/3338906.3338942,
FSE,2019,conf/sigsoft/fse2019,Main Research,Preference-wise testing for Android applications.,Yifei Lu; Minxue Pan; Juan Zhai; Tian Zhang; Xuandong Li,268-278,11,https://doi.org/10.1145/3338906.3338980,
FSE,2019,conf/sigsoft/fse2019,Main Research,Bisecting commits and modeling commit risk during testing.,Armin Najafi; Peter C. Rigby; Weiyi Shang,279-289,11,https://doi.org/10.1145/3338906.3338944,
FSE,2019,conf/sigsoft/fse2019,Main Research,White-box testing of big data analytics with complex user-defined functions.,Muhammad Ali Gulzar; Shaghayegh Mardani; Madanlal Musuvathi; Miryung Kim,290-301,12,https://doi.org/10.1145/3338906.3338953,
FSE,2019,conf/sigsoft/fse2019,Main Research,"Empirical review of Java program repair tools: a large-scale experiment on 2, 141 bugs and 23, 551 repair attempts.",Thomas Durieux; Fernanda Madeiral; Matias Martinez; Rui Abreu,302-313,12,https://doi.org/10.1145/3338906.3338911,
FSE,2019,conf/sigsoft/fse2019,Main Research,iFixR: bug report driven program repair.,Anil Koyuncu; Kui Liu; Tegawendé F. Bissyandé; Dongsun Kim; Martin Monperrus; Jacques Klein; Yves Le Traon,314-325,12,https://doi.org/10.1145/3338906.3338935,
FSE,2019,conf/sigsoft/fse2019,Main Research,Exploring and exploiting the correlations between bug-inducing and bug-fixing commits.,Ming Wen; Rongxin Wu; Yepang Liu; Yongqiang Tian; Xuan Xie; Shing-Chi Cheung; Zhendong Su,326-337,12,https://doi.org/10.1145/3338906.3338962,
FSE,2019,conf/sigsoft/fse2019,Main Research,Effects of explicit feature traceability on program comprehension.,Jacob Krüger; Gül Çalikli; Thorsten Berger; Thomas Leich; Gunter Saake,338-349,12,https://doi.org/10.1145/3338906.3338968,
FSE,2019,conf/sigsoft/fse2019,Main Research,What the fork: a study of inefficient and efficient forking practices in social coding.,Shurui Zhou; Bogdan Vasilescu; Christian Kästner,350-361,12,https://doi.org/10.1145/3338906.3338918,
FSE,2019,conf/sigsoft/fse2019,Main Research,ServDroid: detecting service usage inefficiencies in Android applications.,Wei Song; Jing Zhang; Jeff Huang,362-373,12,https://doi.org/10.1145/3338906.3338950,
FSE,2019,conf/sigsoft/fse2019,Main Research,Together strong: cooperative Android app analysis.,Felix Pauck; Heike Wehrheim,374-384,11,https://doi.org/10.1145/3338906.3338915,
FSE,2019,conf/sigsoft/fse2019,Main Research,A framework for writing trigger-action todo comments in executable format.,Pengyu Nie; Rishabh Rai; Junyi Jessy Li; Sarfraz Khurshid; Raymond J. Mooney; Milos Gligoric,385-396,12,https://doi.org/10.1145/3338906.3338965,
FSE,2019,conf/sigsoft/fse2019,Main Research,Decomposing the rationale of code commits: the software developer's perspective.,Khadijah Al Safwan; Francisco Servant,397-408,12,https://doi.org/10.1145/3338906.3338979,
FSE,2019,conf/sigsoft/fse2019,Main Research,Model-based testing of breaking changes in Node.js libraries.,Anders Møller; Martin Toldam Torp,409-419,11,https://doi.org/10.1145/3338906.3338940,
FSE,2019,conf/sigsoft/fse2019,Main Research,Monitoring-aware IDEs.,Jos Winter; Maurício Finavaro Aniche; Jürgen Cito; Arie van Deursen,420-431,12,https://doi.org/10.1145/3338906.3338926,
FSE,2019,conf/sigsoft/fse2019,Main Research,Going big: a large-scale study on what big data developers ask.,Mehdi Bagherzadeh; Raffi Khatchadourian,432-442,11,https://doi.org/10.1145/3338906.3338939,
FSE,2019,conf/sigsoft/fse2019,Main Research,Why aren't regular expressions a lingua franca? an empirical study on the re-use and portability of regular expressions.,James C. Davis; Louis G. Michael IV; Christy A. Coghlan; Francisco Servant; Dongyoon Lee,443-454,12,https://doi.org/10.1145/3338906.3338909,
FSE,2019,conf/sigsoft/fse2019,Main Research,Nodest: feedback-driven static analysis of Node.js applications.,Benjamin Barslev Nielsen; Behnaz Hassanshahi; François Gauthier,455-465,11,https://doi.org/10.1145/3338906.3338933,
FSE,2019,conf/sigsoft/fse2019,Main Research,Effective error-specification inference via domain-knowledge expansion.,Daniel DeFreez; Haaken Martinson Baldwin; Cindy Rubio-González; Aditya V. Thakur,466-476,11,https://doi.org/10.1145/3338906.3338960,
FSE,2019,conf/sigsoft/fse2019,Main Research,DeepStellar: model-based quantitative analysis of stateful deep learning systems.,Xiaoning Du; Xiaofei Xie; Yi Li; Lei Ma; Yang Liu; Jianjun Zhao,477-487,11,https://doi.org/10.1145/3338906.3338954,
FSE,2019,conf/sigsoft/fse2019,Main Research,REINAM: reinforcement learning for input-grammar inference.,Zhengkai Wu; Evan Johnson; Wei Yang; Osbert Bastani; Dawn Song; Jian Peng; Tao Xie,488-498,11,https://doi.org/10.1145/3338906.3338958,
FSE,2019,conf/sigsoft/fse2019,Main Research,Boosting operational DNN testing efficiency through conditioning.,Zenan Li; Xiaoxing Ma; Chang Xu; Chun Cao; Jingwei Xu; Jian Lü,499-509,11,https://doi.org/10.1145/3338906.3338930,
FSE,2019,conf/sigsoft/fse2019,Main Research,A comprehensive study on deep learning bug characteristics.,Md Johirul Islam; Giang Nguyen; Rangeet Pan; Hridesh Rajan,510-520,11,https://doi.org/10.1145/3338906.3338955,
FSE,2019,conf/sigsoft/fse2019,Main Research,Just fuzz it: solving floating-point constraints using coverage-guided fuzzing.,Daniel Liew; Cristian Cadar; Alastair F. Donaldson; J. Ryan Stinnett,521-532,12,https://doi.org/10.1145/3338906.3338921,
FSE,2019,conf/sigsoft/fse2019,Main Research,Cerebro: context-aware adaptive fuzzing for effective vulnerability detection.,Yuekang Li; Yinxing Xue; Hongxu Chen; Xiuheng Wu; Cen Zhang; Xiaofei Xie; Haijun Wang; Yang Liu,533-544,12,https://doi.org/10.1145/3338906.3338975,
FSE,2019,conf/sigsoft/fse2019,Main Research,iFixFlakies: a framework for automatically fixing order-dependent flaky tests.,August Shi; Wing Lam; Reed Oei; Tao Xie; Darko Marinov,545-555,11,https://doi.org/10.1145/3338906.3338925,
FSE,2019,conf/sigsoft/fse2019,Main Research,Binary reduction of dependency graphs.,Christian Gram Kalhauge; Jens Palsberg,556-566,11,https://doi.org/10.1145/3338906.3338956,
FSE,2019,conf/sigsoft/fse2019,Main Research,AggrePlay: efficient record and replay of multi-threaded programs.,Ernest Bota Pobee; Wing Kwong Chan,567-577,11,https://doi.org/10.1145/3338906.3338959,
FSE,2019,conf/sigsoft/fse2019,Main Research,The review linkage graph for code review analytics: a recovery approach and empirical study.,Toshiki Hirao; Shane McIntosh; Akinori Ihara; Kenichi Matsumoto,578-589,12,https://doi.org/10.1145/3338906.3338949,
FSE,2019,conf/sigsoft/fse2019,Main Research,Mitigating power side channels during compilation.,Jingbo Wang; Chungha Sung; Chao Wang,590-601,12,https://doi.org/10.1145/3338906.3338913,
FSE,2019,conf/sigsoft/fse2019,Main Research,Maximal multi-layer specification synthesis.,Yanju Chen; Ruben Martins; Yu Feng,602-612,11,https://doi.org/10.1145/3338906.3338951,
FSE,2019,conf/sigsoft/fse2019,Main Research,Phoenix: automated data-driven synthesis of repairs for static analysis violations.,Rohan Bavishi; Hiroaki Yoshida; Mukul R. Prasad,613-624,12,https://doi.org/10.1145/3338906.3338952,
FSE,2019,conf/sigsoft/fse2019,Main Research,Black box fairness testing of machine learning models.,Aniya Aggarwal; Pranay Lohia; Seema Nagar; Kuntal Dey; Diptikalyan Saha,625-635,11,https://doi.org/10.1145/3338906.3338937,
FSE,2019,conf/sigsoft/fse2019,Main Research,Java reflection API: revealing the dark side of the mirror.,Felipe Pontes; Rohit Gheyi; Sabrina Souto; Alessandro Garcia; Márcio Ribeiro,636-646,11,https://doi.org/10.1145/3338906.3338946,
FSE,2019,conf/sigsoft/fse2019,Main Research,A conceptual replication of continuous integration pain points in the context of Travis CI.,David Gray Widder; Michael Hilton; Christian Kästner; Bogdan Vasilescu,647-658,12,https://doi.org/10.1145/3338906.3338922,
FSE,2019,conf/sigsoft/fse2019,Main Research,Ethnographic research in software engineering: a critical review and checklist.,He Zhang; Xin Huang; Xin Zhou; Huang Huang; Muhammad Ali Babar,659-670,12,https://doi.org/10.1145/3338906.3338976,
FSE,2019,conf/sigsoft/fse2019,Main Research,Achilles' heel of plug-and-Play software architectures: a grounded theory based approach.,Joanna C. S. Santos; Adriana Sejfia; Taylor Corrello; Smruthi Gadenkanahalli; Mehdi Mirakhorli,671-682,12,https://doi.org/10.1145/3338906.3338969,
FSE,2019,conf/sigsoft/fse2019,Main Research,Latent error prediction and fault localization for microservice applications by learning from system trace logs.,Xiang Zhou; Xin Peng; Tao Xie; Jun Sun; Chao Ji; Dewei Liu; Qilin Xiang; Chuan He,683-694,12,https://doi.org/10.1145/3338906.3338961,
FSE,2019,conf/sigsoft/fse2019,Main Research,The importance of accounting for real-world labelling when predicting software vulnerabilities.,Matthieu Jimenez; Renaud Rwemalika; Mike Papadakis; Federica Sarro; Yves Le Traon; Mark Harman,695-705,11,https://doi.org/10.1145/3338906.3338941,
FSE,2019,conf/sigsoft/fse2019,Main Research,Detecting concurrency memory corruption vulnerabilities.,Yan Cai; Biyun Zhu; Ruijie Meng; Hao Yun; Liang He; Purui Su; Bin Liang,706-717,12,https://doi.org/10.1145/3338906.3338927,
FSE,2019,conf/sigsoft/fse2019,Main Research,Locating vulnerabilities in binaries via memory layout recovering.,Haijun Wang; Xiaofei Xie; Shang-Wei Lin; Yun Lin; Yuekang Li; Shengchao Qin; Yang Liu; Ting Liu,718-728,11,https://doi.org/10.1145/3338906.3338966,
FSE,2019,conf/sigsoft/fse2019,Main Research,Storm: program reduction for testing and debugging probabilistic programming systems.,Saikat Dutta; Wenxian Zhang; Zixin Huang; Sasa Misailovic,729-739,11,https://doi.org/10.1145/3338906.3338972,
FSE,2019,conf/sigsoft/fse2019,Main Research,NullAway: practical type-based null safety for Java.,Subarno Banerjee; Lazaro Clapp; Manu Sridharan,740-750,11,https://doi.org/10.1145/3338906.3338919,
FSE,2019,conf/sigsoft/fse2019,Main Research,Automatically detecting missing cleanup for ungraceful exits.,Zhouyang Jia; Shanshan Li; Tingting Yu; Xiangke Liao; Ji Wang,751-762,12,https://doi.org/10.1145/3338906.3338938,
FSE,2019,conf/sigsoft/fse2019,Main Research,Finding and understanding bugs in software model checkers.,Chengyu Zhang; Ting Su; Yichen Yan; Fuyuan Zhang; Geguang Pu; Zhendong Su,763-773,11,https://doi.org/10.1145/3338906.3338932,
FSE,2019,conf/sigsoft/fse2019,Main Research,A segmented memory model for symbolic execution.,Timotej Kapus; Cristian Cadar,774-784,11,https://doi.org/10.1145/3338906.3338936,
FSE,2019,conf/sigsoft/fse2019,Main Research,Releasing fast and slow: an exploratory case study at ING.,Elvan Kula; Ayushi Rastogi; Hennie Huijgens; Arie van Deursen; Georgios Gousios,785-795,11,https://doi.org/10.1145/3338906.3338978,
FSE,2019,conf/sigsoft/fse2019,Main Research,SAR: learning cross-language API mappings with little knowledge.,Nghi D. Q. Bui; Yijun Yu; Lingxiao Jiang,796-806,11,https://doi.org/10.1145/3338906.3338924,
FSE,2019,conf/sigsoft/fse2019,Main Research,Robust log-based anomaly detection on unstable log data.,Xu Zhang; Yong Xu; Qingwei Lin; Bo Qiao; Hongyu Zhang; Yingnong Dang; Chunyu Xie; Xinsheng Yang; Qian Cheng; Ze Li; Junjie Chen; Xiaoting He; Randolph Yao; Jian-Guang Lou; Murali Chintalapati; Furao Shen; Dongmei Zhang,807-817,11,https://doi.org/10.1145/3338906.3338931,
FSE,2019,conf/sigsoft/fse2019,Main Research,Pinpointing performance inefficiencies in Java.,Pengfei Su; Qingsen Wang; Milind Chabbi; Xu Liu,818-829,12,https://doi.org/10.1145/3338906.3338923,
FSE,2019,conf/sigsoft/fse2019,Main Research,Understanding flaky tests: the developer's perspective.,Moritz Eck; Fabio Palomba; Marco Castelluccio; Alberto Bacchelli,830-840,11,https://doi.org/10.1145/3338906.3338945,
FSE,2019,conf/sigsoft/fse2019,Main Research,SEntiMoji: an emoji-powered learning approach for sentiment analysis in software engineering.,Zhenpeng Chen; Yanbin Cao; Xuan Lu; Qiaozhu Mei; Xuanzhe Liu,841-852,12,https://doi.org/10.1145/3338906.3338977,
FSE,2019,conf/sigsoft/fse2019,Industry Papers,FinExpert: domain-specific test generation for FinTech systems.,Tiancheng Jin; Qingshun Wang; Lihua Xu; Chunmei Pan; Liang Dou; Haifeng Qian; Liang He; Tao Xie,853-862,10,https://doi.org/10.1145/3338906.3340441,
FSE,2019,conf/sigsoft/fse2019,Industry Papers,Design diagrams as ontological source.,Pranay Lohia; Kalapriya Kannan; Biplav Srivastava; Sameep Mehta,863-873,11,https://doi.org/10.1145/3338906.3340446,
FSE,2019,conf/sigsoft/fse2019,Industry Papers,Predicting pull request completion time: a case study on large scale cloud services.,Chandra Shekhar Maddila; Chetan Bansal; Nachiappan Nagappan,874-882,9,https://doi.org/10.1145/3338906.3340457,
FSE,2019,conf/sigsoft/fse2019,Industry Papers,TERMINATOR: better automated UI test case prioritization.,Zhe Yu; Fahmid M. Fahid; Tim Menzies; Gregg Rothermel; Kyle Patrick; Snehit Cherian,883-894,12,https://doi.org/10.1145/3338906.3340448,
FSE,2019,conf/sigsoft/fse2019,Industry Papers,Risks and assets: a qualitative study of a software ecosystem in the mining industry.,Thomas Olsson; Ulrik Franke,895-904,10,https://doi.org/10.1145/3338906.3340443,
FSE,2019,conf/sigsoft/fse2019,Industry Papers,Using microservices for non-intrusive customization of multi-tenant SaaS.,Phu Hong Nguyen; Hui Song; Franck Chauvel; Roy Müller; Seref Boyar; Erik Levin,905-915,11,https://doi.org/10.1145/3338906.3340452,
FSE,2019,conf/sigsoft/fse2019,Industry Papers,Predicting breakdowns in cloud services (with SPIKE).,Jianfeng Chen; Joymallya Chakraborty; Philip Clark; Kevin Haverlock; Snehit Cherian; Tim Menzies,916-924,9,https://doi.org/10.1145/3338906.3340450,
FSE,2019,conf/sigsoft/fse2019,Industry Papers,DeepDelta: learning to repair compilation errors.,Ali Mesbah; Andrew Rice; Emily Johnston; Nick Glorioso; Edward Aftandilian,925-936,12,https://doi.org/10.1145/3338906.3340455,
FSE,2019,conf/sigsoft/fse2019,Industry Papers,WhoDo: automating reviewer suggestions at scale.,Sumit Asthana; Rahul Kumar; Ranjita Bhagwan; Christian Bird; Chetan Bansal; Chandra Shekhar Maddila; Sonu Mehta; B. Ashok,937-945,9,https://doi.org/10.1145/3338906.3340449,
FSE,2019,conf/sigsoft/fse2019,Industry Papers,An IR-based approach towards automated integration of geo-spatial datasets in map-based software systems.,Nima Miryeganeh; Mehdi Amoui; Hadi Hemmati,946-954,9,https://doi.org/10.1145/3338906.3340454,
FSE,2019,conf/sigsoft/fse2019,Industry Papers,Code coverage at Google.,Marko Ivankovic; Goran Petrovic; René Just; Gordon Fraser,955-963,9,https://doi.org/10.1145/3338906.3340459,
FSE,2019,conf/sigsoft/fse2019,Industry Papers,When deep learning met code search.,José Cambronero; Hongyu Li; Seohyun Kim; Koushik Sen; Satish Chandra,964-974,11,https://doi.org/10.1145/3338906.3340458,
FSE,2019,conf/sigsoft/fse2019,Industry Papers,FUDGE: fuzz driver generation at scale.,Domagoj Babic; Stefan Bucur; Yaohui Chen; Franjo Ivancic; Tim King; Markus Kusano; Caroline Lemieux; László Szekeres; Wei Wang,975-985,11,https://doi.org/10.1145/3338906.3340456,
FSE,2019,conf/sigsoft/fse2019,Industry Papers,Industry practice of coverage-guided enterprise Linux kernel fuzzing.,Heyuan Shi; Runzhe Wang; Ying Fu; Mingzhe Wang; Xiaohai Shi; Xun Jiao; Houbing Song; Yu Jiang; Jiaguang Sun,986-995,10,https://doi.org/10.1145/3338906.3340460,
FSE,2019,conf/sigsoft/fse2019,Industry Papers,Architectural decision forces at work: experiences in an industrial consultancy setting.,Julius Rueckert; Andreas Burger; Heiko Koziolek; Thanikesavan Sivanthi; Alexandru Moga; Carsten Franke,996-1005,10,https://doi.org/10.1145/3338906.3340461,
FSE,2019,conf/sigsoft/fse2019,Industry Papers,The role of limitations and SLAs in the API industry.,Antonio Gamez-Diaz; Pablo Fernandez; Antonio Ruiz-Cortés; Pedro J. Molina; Nikhil Kolekar; Prithpal Bhogill; Madhurranjan Mohaan; Francisco Méndez,1006-1014,9,https://doi.org/10.1145/3338906.3340445,
FSE,2019,conf/sigsoft/fse2019,Industry Papers,Evaluating model testing and model checking for finding requirements violations in Simulink models.,Shiva Nejati; Khouloud Gaaloul; Claudio Menghi; Lionel C. Briand; Stephen Foster; David Wolfe,1015-1025,11,https://doi.org/10.1145/3338906.3340444,
FSE,2019,conf/sigsoft/fse2019,Industry Papers,Model checking a C++ software framework: a case study.,John Lång; I. S. W. B. Prasetya,1026-1036,11,https://doi.org/10.1145/3338906.3340453,
FSE,2019,conf/sigsoft/fse2019,Industry Papers,Evolving with patterns: a 31-month startup experience report.,Miguel Ehécatl Morales-Trujillo; Gabriel Alberto García-Mireles,1037-1047,11,https://doi.org/10.1145/3338906.3340447,
FSE,2019,conf/sigsoft/fse2019,Industry Papers,Bridging the gap between ML solutions and their business requirements using feature interactions.,Guy Barash; Eitan Farchi; Ilan Jayaraman; Orna Raz; Rachel Tzoref-Brill; Marcel Zalmanovici,1048-1058,11,https://doi.org/10.1145/3338906.3340442,
FSE,2019,conf/sigsoft/fse2019,Industry Papers,Design thinking in practice: understanding manifestations of design thinking in software engineering.,Franziska Dobrigkeit; Danielly de Paula,1059-1069,11,https://doi.org/10.1145/3338906.3340451,
FSE,2019,conf/sigsoft/fse2019,Demonstrations,MOTSD: a multi-objective test selection tool using test suite diagnosability.,Daniel Correia; Rui Abreu; Pedro Santos; João Nadkarni,1070-1074,5,https://doi.org/10.1145/3338906.3341187,
FSE,2019,conf/sigsoft/fse2019,Demonstrations,BIKER: a tool for Bi-information source based API method recommendation.,Liang Cai; Haoye Wang; Qiao Huang; Xin Xia; Zhenchang Xing; David Lo,1075-1079,5,https://doi.org/10.1145/3338906.3341174,
FSE,2019,conf/sigsoft/fse2019,Demonstrations,Mart: a mutant generation tool for LLVM.,Thierry Titcheu Chekam; Mike Papadakis; Yves Le Traon,1080-1084,5,https://doi.org/10.1145/3338906.3341180,
FSE,2019,conf/sigsoft/fse2019,Demonstrations,VARYS: an agnostic model-driven monitoring-as-a-service framework for the cloud.,Alessandro Tundo; Marco Mobilio; Matteo Orrù; Oliviero Riganelli; Michell Guzmán; Leonardo Mariani,1085-1089,5,https://doi.org/10.1145/3338906.3341185,
FSE,2019,conf/sigsoft/fse2019,Demonstrations,JCOMIX: a search-based tool to detect XML injection vulnerabilities in web applications.,Dimitri Michel Stallenberg; Annibale Panichella,1090-1094,5,https://doi.org/10.1145/3338906.3341178,
FSE,2019,conf/sigsoft/fse2019,Demonstrations,Event trace reduction for effective bug replay of Android apps via differential GUI state analysis.,Yulei Sui; Yifei Zhang; Wei Zheng; Manqing Zhang; Jingling Xue,1095-1099,5,https://doi.org/10.1145/3338906.3341183,
FSE,2019,conf/sigsoft/fse2019,Demonstrations,PyGGI 2.0: language independent genetic improvement framework.,Gabin An; Aymeric Blot; Justyna Petke; Shin Yoo,1100-1104,5,https://doi.org/10.1145/3338906.3341184,
FSE,2019,conf/sigsoft/fse2019,Demonstrations,CloneCognition: machine learning based code clone validation tool.,Golam Mostaeen; Jeffrey Svajlenko; Banani Roy; Chanchal K. Roy; Kevin A. Schneider,1105-1109,5,https://doi.org/10.1145/3338906.3341182,
FSE,2019,conf/sigsoft/fse2019,Demonstrations,EVMFuzzer: detect EVM vulnerabilities via fuzz testing.,Ying Fu; Meng Ren; Fuchen Ma; Heyuan Shi; Xin Yang; Yu Jiang; Huizhong Li; Xiang Shi,1110-1114,5,https://doi.org/10.1145/3338906.3341175,
FSE,2019,conf/sigsoft/fse2019,Demonstrations,A dynamic taint analyzer for distributed systems.,Xiaoqin Fu; Haipeng Cai,1115-1119,5,https://doi.org/10.1145/3338906.3341179,
FSE,2019,conf/sigsoft/fse2019,Demonstrations,Governify for APIs: SLA-driven ecosystem for API governance.,Antonio Gamez-Diaz; Pablo Fernandez; Antonio Ruiz-Cortés,1120-1123,4,https://doi.org/10.1145/3338906.3341176,
FSE,2019,conf/sigsoft/fse2019,Demonstrations,Developing secure bitcoin contracts with BitML.,Nicola Atzei; Massimo Bartoletti; Stefano Lande; Nobuko Yoshida; Roberto Zunino,1124-1128,5,https://doi.org/10.1145/3338906.3341173,
FSE,2019,conf/sigsoft/fse2019,Demonstrations,DISCOVER: detecting algorithmic complexity vulnerabilities.,Payas Awadhutkar; Ganesh Ram Santhanam; Benjamin Holland; Suresh C. Kothari,1129-1133,5,https://doi.org/10.1145/3338906.3341177,
FSE,2019,conf/sigsoft/fse2019,Demonstrations,AnswerBot: an answer summary generation tool based on stack overflow.,Liang Cai; Haoye Wang; Bowen Xu; Qiao Huang; Xin Xia; David Lo; Zhenchang Xing,1134-1138,5,https://doi.org/10.1145/3338906.3341186,
FSE,2019,conf/sigsoft/fse2019,Demonstrations,Eagle: a team practices audit framework for agile software development.,Alejandro Guerrero; Rafael Fresno; An Ju; Armando Fox; Pablo Fernandez; Carlos Müller; Antonio Ruiz-Cortés,1139-1143,5,https://doi.org/10.1145/3338906.3341181,
FSE,2019,conf/sigsoft/fse2019,Doctoral Symposium,A taxonomy of metrics for software fault prediction.,Maria Caulo,1144-1147,4,https://doi.org/10.1145/3338906.3341462,
FSE,2019,conf/sigsoft/fse2019,Doctoral Symposium,Distributed execution of test cases and continuous integration.,Carmen Coviello,1148-1151,4,https://doi.org/10.1145/3338906.3341460,
FSE,2019,conf/sigsoft/fse2019,Doctoral Symposium,A longitudinal field study on creation and use of domain-specific languages in industry.,Jasper Denkers,1152-1155,4,https://doi.org/10.1145/3338906.3341463,
FSE,2019,conf/sigsoft/fse2019,Doctoral Symposium,Failure-driven program repair.,Davide Ginelli,1156-1159,4,https://doi.org/10.1145/3338906.3341464,
FSE,2019,conf/sigsoft/fse2019,Doctoral Symposium,On extending single-variant model transformations for reuse in software product line engineering.,Sandra Greiner,1160-1163,4,https://doi.org/10.1145/3338906.3341467,
FSE,2019,conf/sigsoft/fse2019,Doctoral Symposium,Exploratory test agents for stateful software systems.,Stefan Karlsson,1164-1167,4,https://doi.org/10.1145/3338906.3341458,
FSE,2019,conf/sigsoft/fse2019,Doctoral Symposium,Helping developers search and locate task-relevant information in natural language documents.,Arthur Marques,1168-1171,4,https://doi.org/10.1145/3338906.3341459,
FSE,2019,conf/sigsoft/fse2019,Doctoral Symposium,Improving requirements engineering practices to support experimentation in software startups.,Jorge Melegati,1172-1175,4,https://doi.org/10.1145/3338906.3341465,
FSE,2019,conf/sigsoft/fse2019,Doctoral Symposium,Managing the open cathedral.,Matthias Müller,1176-1179,4,https://doi.org/10.1145/3338906.3341461,
FSE,2019,conf/sigsoft/fse2019,Doctoral Symposium,Machine-learning supported vulnerability detection in source code.,Tim Sonnekalb,1180-1183,4,https://doi.org/10.1145/3338906.3341466,
FSE,2019,conf/sigsoft/fse2019,Student Research Competition,Software clusterings with vector semantics and the call graph.,Marios Papachristou,1184-1186,3,https://doi.org/10.1145/3338906.3342483,
FSE,2019,conf/sigsoft/fse2019,Student Research Competition,Machine learning-assisted performance testing.,Mahshid Helali Moghadam,1187-1189,3,https://doi.org/10.1145/3338906.3342484,
FSE,2019,conf/sigsoft/fse2019,Student Research Competition,File tracing by intercepting disk requests.,Vladislav Stepanov,1190-1192,3,https://doi.org/10.1145/3338906.3342485,
FSE,2019,conf/sigsoft/fse2019,Student Research Competition,Recommending related functions from API usage-based function clone structures.,Shamsa Abid,1193-1195,3,https://doi.org/10.1145/3338906.3342486,
FSE,2019,conf/sigsoft/fse2019,Student Research Competition,Identifying the most valuable developers using artifact traceability graphs.,H. Alperen Cetin,1196-1198,3,https://doi.org/10.1145/3338906.3342487,
FSE,2019,conf/sigsoft/fse2019,Student Research Competition,Automated patch porting across forked projects.,Luyao Ren,1199-1201,3,https://doi.org/10.1145/3338906.3342488,
FSE,2019,conf/sigsoft/fse2019,Student Research Competition,Employing different program analysis methods to study bug evolution.,Charalambos Mitropoulos,1202-1204,3,https://doi.org/10.1145/3338906.3342489,
FSE,2019,conf/sigsoft/fse2019,Student Research Competition,Reducing the workload of the Linux kernel maintainers: multiple-committer model.,Xin Tan,1205-1207,3,https://doi.org/10.1145/3338906.3342490,
FSE,2019,conf/sigsoft/fse2019,Student Research Competition,Efficient computing in a safe environment.,Michail Loukeris,1208-1210,3,https://doi.org/10.1145/3338906.3342491,
FSE,2019,conf/sigsoft/fse2019,Student Research Competition,The lessons software engineers can extract from painters to improve the software development process.,Milana Nurgalieva,1211-1213,3,https://doi.org/10.1145/3338906.3342492,
FSE,2019,conf/sigsoft/fse2019,Student Research Competition,An industrial application of test selection using test suite diagnosability.,Daniel Correia,1214-1216,3,https://doi.org/10.1145/3338906.3342493,
FSE,2019,conf/sigsoft/fse2019,Student Research Competition,Understanding source code comments at large-scale.,Hao He,1217-1219,3,https://doi.org/10.1145/3338906.3342494,
FSE,2019,conf/sigsoft/fse2019,Student Research Competition,A graph-based framework for analysing the design of smart contracts.,Bram Vandenbogaerde,1220-1222,3,https://doi.org/10.1145/3338906.3342495,
FSE,2019,conf/sigsoft/fse2019,Student Research Competition,Finding the shortest path to reproduce a failure found by TESTAR.,Olivia Rodriguez Valdes,1223-1225,3,https://doi.org/10.1145/3338906.3342496,
FSE,2019,conf/sigsoft/fse2019,Student Research Competition,Analysing socio-technical congruence in the package dependency network of Cargo.,Mehdi Golzadeh,1226-1228,3,https://doi.org/10.1145/3338906.3342497,
FSE,2019,conf/sigsoft/fse2019,Student Research Competition,Tuning backfired? not (always) your fault: understanding and detecting configuration-related performance bugs.,Haochen He,1229-1231,3,https://doi.org/10.1145/3338906.3342498,
FSE,2019,conf/sigsoft/fse2019,Student Research Competition,On the use of lambda expressions in 760 open source Python projects.,Shubham Sangle; Sandeep Muvva,1232-1234,3,https://doi.org/10.1145/3338906.3342499,
FSE,2019,conf/sigsoft/fse2019,Student Research Competition,Test-related factors and post-release defects: an empirical study.,Fabiano Pecorelli,1235-1237,3,https://doi.org/10.1145/3338906.3342500,
FSE,2019,conf/sigsoft/fse2019,Student Research Competition,Static deep neural network analysis for robustness.,Rangeet Pan,1238-1240,3,https://doi.org/10.1145/3338906.3342502,
FSE,2019,conf/sigsoft/fse2019,Student Research Competition,Are existing code smells relevant in web games? an empirical study.,Vaishali Khanve,1241-1243,3,https://doi.org/10.1145/3338906.3342504,
FSE,2019,conf/sigsoft/fse2019,Student Research Competition,Tackling knowledge needs during software evolution.,Jacob Krüger,1244-1246,3,https://doi.org/10.1145/3338906.3342505,
FSE,2019,conf/sigsoft/fse2019,Student Research Competition,On the scalable dynamic taint analysis for distributed systems.,Xiaoqin Fu,1247-1249,3,https://doi.org/10.1145/3338906.3342506,
FSE,2019,conf/sigsoft/fse2019,Student Research Competition,Suggesting reviewers of software artifacts using traceability graphs.,Emre Sülün,1250-1252,3,https://doi.org/10.1145/3338906.3342507,
FSE,2019,conf/sigsoft/fse2019,Student Research Competition,Using software testing to repair models.,Marco Radavelli,1253-1255,3,https://doi.org/10.1145/3338906.3342508,
FSE,2019,conf/sigsoft/fse2019,Student Research Competition,Rethinking Regex engines to address ReDoS.,James C. Davis,1256-1258,3,https://doi.org/10.1145/3338906.3342509,
FSE,2019,conf/sigsoft/fse2019,Student Research Competition,Context-aware test case adaptation.,Peiyi Sun,1259-1261,3,https://doi.org/10.1145/3338906.3342510,
FSE,2019,conf/sigsoft/fse2019,Student Research Competition,Empirical study of customer communication problem in agile requirements engineering.,Ilyuza Gizzatullina,1262-1264,3,https://doi.org/10.1145/3338906.3342511,
TOSEM,2019,journals/tosem/tosem28,"Volume 28, Number 1, February 2019",Farewell Editorial from the Outgoing Editor-in-Chief.,David S. Rosenblum,,0,https://doi.org/10.1145/3301288,empty_page_range
TOSEM,2019,journals/tosem/tosem28,"Volume 28, Number 1, February 2019",Editorial from the Incoming Editor-in-Chief.,Mauro Pezzè,,0,https://doi.org/10.1145/3301290,empty_page_range
TOSEM,2019,journals/tosem/tosem28,"Volume 28, Number 2, April 2019",Editorial.,Mauro Pezzè,,0,https://doi.org/10.1145/3317953,empty_page_range
TOSEM,2019,journals/tosem/tosem28,"Volume 28, Number 4, October 2019",Editorial.,Mauro Pezzè,,0,https://doi.org/10.1145/3363297,empty_page_range
TOSEM,2019,journals/tosem/tosem28,"Volume 28, Number 1, February 2019",Oracles for Testing Software Timeliness with Uncertainty.,Chunhui Wang; Fabrizio Pastore; Lionel C. Briand,1:1-1:30,30,https://doi.org/10.1145/3280987,
TOSEM,2019,journals/tosem/tosem28,"Volume 28, Number 1, February 2019",The State of Empirical Evaluation in Static Feature Location.,Abdul Razzaq; Asanka Wasala; Chris Exton; Jim Buckley,2:1-2:58,58,https://doi.org/10.1145/3280988,
TOSEM,2019,journals/tosem/tosem28,"Volume 28, Number 1, February 2019",RESTful API Automated Test Case Generation with EvoMaster.,Andrea Arcuri,3:1-3:37,37,https://doi.org/10.1145/3293455,
TOSEM,2019,journals/tosem/tosem28,"Volume 28, Number 1, February 2019",An Active Learning Approach for Improving the Accuracy of Automated Domain Model Extraction.,Chetan Arora; Mehrdad Sabetzadeh; Shiva Nejati; Lionel C. Briand,4:1-4:34,34,https://doi.org/10.1145/3293454,
TOSEM,2019,journals/tosem/tosem28,"Volume 28, Number 1, February 2019",Software Effort Interval Prediction via Bayesian Inference and Synthetic Bootstrap Resampling.,Liyan Song; Leandro L. Minku; Xin Yao,5:1-5:46,46,https://doi.org/10.1145/3295700,
TOSEM,2019,journals/tosem/tosem28,"Volume 28, Number 2, April 2019",Runtime Fault Detection in Programmed Molecular Systems.,Samuel J. Ellis; Titus H. Klinge; James I. Lathrop; Jack H. Lutz; Robyn R. Lutz; Andrew S. Miner; Hugh D. Potter,6:1-6:20,20,https://doi.org/10.1145/3295740,
TOSEM,2019,journals/tosem/tosem28,"Volume 28, Number 2, April 2019",Understanding and Analyzing Java Reflection.,Yue Li; Tian Tan; Jingling Xue,7:1-7:50,50,https://doi.org/10.1145/3295739,
TOSEM,2019,journals/tosem/tosem28,"Volume 28, Number 2, April 2019","Domain Analysis and Description Principles, Techniques, and Modelling Languages.",Dines Bjørner,8:1-8:67,67,https://doi.org/10.1145/3295738,
TOSEM,2019,journals/tosem/tosem28,"Volume 28, Number 2, April 2019",Status Quo in Requirements Engineering: A Theory and a Global Family of Surveys.,Stefan Wagner; Daniel Méndez Fernández; Michael Felderer; Antonio Vetrò; Marcos Kalinowski; Roel J. Wieringa; Dietmar Pfahl; Tayana Conte; Marie-Therese Christiansson; Desmond Greer; Casper Lassenius; Tomi Männistö; Maleknaz Nayebi; Markku Oivo; Birgit Penzenstadler; Rafael Prikladnicki; Guenther Ruhe; André Schekelmann; Sagar Sen; Rodrigo O. Spínola; Ahmet Tuzcu; Jose Luis de la Vara; Dietmar Winkler,9:1-9:48,48,https://doi.org/10.1145/3306607,
TOSEM,2019,journals/tosem/tosem28,"Volume 28, Number 2, April 2019",Isolation Modeling and Analysis Based on Mobility.,Jianmin Jiang; Huibiao Zhu; Qin Li; Yongxin Zhao; Zhong Hong; Shi Zhang; Ping Gong,10:1-10:31,31,https://doi.org/10.1145/3306606,
TOSEM,2019,journals/tosem/tosem28,"Volume 28, Number 2, April 2019",How Understandable Are Pattern-based Behavioral Constraints for Novice Software Designers?,Christoph Czepa; Uwe Zdun,11:1-11:38,38,https://doi.org/10.1145/3306608,issue_article_number
TOSEM,2019,journals/tosem/tosem28,"Volume 28, Number 3, August 2019",Automated N-way Program Merging for Facilitating Family-based Analyses of Variant-rich Software.,Dennis Reuling; Udo Kelter; Johannes Bürdek; Malte Lochau,13:1-13:59,59,https://doi.org/10.1145/3313789,issue_article_number
TOSEM,2019,journals/tosem/tosem28,"Volume 28, Number 3, August 2019",Theoretical and Practical Aspects of Linking Operational and Algebraic Semantics for MDESL.,Feng Sheng; Huibiao Zhu; Jifeng He; Zongyuan Yang; Jonathan P. Bowen,14:1-14:46,46,https://doi.org/10.1145/3295699,issue_article_number
TOSEM,2019,journals/tosem/tosem28,"Volume 28, Number 3, August 2019",Verifying and Quantifying Side-channel Resistance of Masked Software Implementations.,Pengfei Gao; Jun Zhang; Fu Song; Chao Wang,16:1-16:32,32,https://doi.org/10.1145/3330392,issue_article_number
TOSEM,2019,journals/tosem/tosem28,"Volume 28, Number 3, August 2019",Developing and Evaluating Objective Termination Criteria for Random Testing.,Porfirio Tramontana; Domenico Amalfitano; Nicola Amatucci; Atif M. Memon; Anna Rita Fasolino,17:1-17:52,52,https://doi.org/10.1145/3339836,
TOSEM,2019,journals/tosem/tosem28,"Volume 28, Number 3, August 2019",Efficient Verification of Concurrent Systems Using Synchronisation Analysis and SAT/SMT Solving.,Pedro Antonino; Thomas Gibson-Robinson; A. W. Roscoe,18:1-18:43,43,https://doi.org/10.1145/3335149,
TOSEM,2019,journals/tosem/tosem28,"Volume 28, Number 4, October 2019",An Empirical Study on Learning Bug-Fixing Patches in the Wild via Neural Machine Translation.,Michele Tufano; Cody Watson; Gabriele Bavota; Massimiliano Di Penta; Martin White; Denys Poshyvanyk,19:1-19:29,29,https://doi.org/10.1145/3340544,
TOSEM,2019,journals/tosem/tosem28,"Volume 28, Number 4, October 2019",The Virtual Developer: Integrating Code Generation and Manual Development with Conflict Resolution.,Carlo Bernaschina; Emanuele Falzone; Piero Fraternali; Sergio Luis Herrera Gonzalez,20:1-20:38,38,https://doi.org/10.1145/3340545,
TOSEM,2019,journals/tosem/tosem28,"Volume 28, Number 4, October 2019",Automated Reuse of Model Transformations through Typing Requirements Models.,Juan de Lara; Esther Guerra; Davide Di Ruscio; Juri Di Rocco; Jesús Sánchez Cuadrado; Ludovico Iovino; Alfonso Pierantonio,21:1-21:62,62,https://doi.org/10.1145/3340108,
TOSEM,2019,journals/tosem/tosem28,"Volume 28, Number 4, October 2019",Recommending New Features from Mobile App Descriptions.,He Jiang; Jingxuan Zhang; Xiaochen Li; Zhilei Ren; David Lo; Xindong Wu; Zhongxuan Luo,22:1-22:29,29,https://doi.org/10.1145/3344158,
TOSEM,2019,journals/tosem/tosem28,"Volume 28, Number 4, October 2019",Precise Learn-to-Rank Fault Localization Using Dynamic and Static Features of Target Programs.,Yunho Kim; Seokhyeon Mun; Shin Yoo; Moonzoo Kim,23:1-23:34,34,https://doi.org/10.1145/3345628,
TOSEM,2019,journals/tosem/tosem28,"Volume 28, Number 4, October 2019",Differential Testing of Certificate Validation in SSL/TLS Implementations: An RFC-guided Approach.,Cong Tian; Chu Chen; Zhenhua Duan; Liang Zhao,24:1-24:37,37,https://doi.org/10.1145/3355048,issue_last_page
TOSEM,2019,journals/tosem/tosem28,"Volume 28, Number 3, August 2019",Editorial.,Mauro Pezzè,12,1,https://doi.org/10.1145/3339833,issue_first_page;issue_last_page
TOSEM,2019,journals/tosem/tosem28,"Volume 28, Number 3, August 2019",Neural Network-based Detection of Self-Admitted Technical Debt: From Performance to Explainability.,Xiaoxue Ren; Zhenchang Xing; Xin Xia; David Lo; Xinyu Wang; John Grundy,15,1,https://doi.org/10.1145/3324916,issue_first_page
